<?xml version="1.0" encoding="utf-8"?>
<project name="Demo-water tank level monitoring" description="" project_version="" system_version="1.2" creator="admin">
	<control>
	</control>
	<hmi>
		<oparea name="OA0" description="SubProject0" detaildesc="" uuidforhmi="65359A7B-85F3-4DE7-95AC-0C5E634D5883" redundance="0" id="0">
			<!--Server Type Enumeration  0:Local Data Server 1:Operation Station 2: Single 3:Remote IO Server 4: VH Real-Time History Server 5;VH History Server 6: Application Server-->
			<server name="Server_1" type="0" ctrladdr="127.0.0.1" addr="127.0.0.1"/>
			<!--Configuration Engineer-->
				<user>admin</user>
		</oparea>
	</hmi>
	<UserGroups>
	</UserGroups><users>
		<user name="admin" password="D41D8CD98F00B204E9800998ECF8427E" isadmin="true" desc=""/>
	</users>
		<config oncolor="255" offcolor="65280" decimaldigits="3" noalarmconfigpanellightcolor="14474460" noalarmpanellightcolor="32768" FullAddress="" SleepAlarmSet="32" ClassicalStyle="0" redundance="0">
		</config>
		<timesync>
		</timesync>
</project>
