<?xml version="1.0" encoding="utf-8"?>
<HMI>
<gs oprd="OA0" useds="NO" name="History Data Server 0000" id="0" ip1="127.0.0.1" ip2="0.0.0.0" ip3="0.0.0.0" ip4="0.0.0.0" dsip1="127.0.0.1" dsip2="0.0.0.0" dsip3="0.0.0.0" dsip4="0.0.0.0">
<data ctrlnum="0" groupnum="0"/>
<data ctrlnum="0" groupnum="1"/>
<data ctrlnum="0" groupnum="2"/>
<data ctrlnum="0" groupnum="3"/>
<data ctrlnum="0" groupnum="4"/>
<data ctrlnum="0" groupnum="5"/>
<data ctrlnum="0" groupnum="6"/>
<data ctrlnum="0" groupnum="7"/>
<data ctrlnum="0" groupnum="8"/>
<data ctrlnum="0" groupnum="9"/>
<data ctrlnum="0" groupnum="10"/>
<data ctrlnum="0" groupnum="11"/>
<data ctrlnum="0" groupnum="12"/>
<data ctrlnum="0" groupnum="13"/>
<data ctrlnum="0" groupnum="14"/>
<data ctrlnum="0" groupnum="15"/>
<data ctrlnum="0" groupnum="16"/>
<data ctrlnum="0" groupnum="17"/>
<data ctrlnum="0" groupnum="18"/>
<data ctrlnum="0" groupnum="19"/>
<data ctrlnum="0" groupnum="20"/>
<data ctrlnum="0" groupnum="21"/>
<data ctrlnum="0" groupnum="22"/>
<data ctrlnum="0" groupnum="23"/>
<data ctrlnum="0" groupnum="24"/>
<data ctrlnum="0" groupnum="25"/>
<data ctrlnum="0" groupnum="26"/>
<data ctrlnum="0" groupnum="27"/>
<data ctrlnum="0" groupnum="28"/>
<data ctrlnum="0" groupnum="29"/>
<data ctrlnum="0" groupnum="30"/>
<data ctrlnum="0" groupnum="31"/>
<data ctrlnum="0" groupnum="32"/>
<data ctrlnum="0" groupnum="33"/>
<data ctrlnum="0" groupnum="34"/>
<data ctrlnum="0" groupnum="35"/>
<data ctrlnum="0" groupnum="36"/>
<data ctrlnum="0" groupnum="37"/>
<data ctrlnum="0" groupnum="38"/>
<data ctrlnum="0" groupnum="39"/>
<data ctrlnum="0" groupnum="40"/>
<data ctrlnum="0" groupnum="41"/>
<data ctrlnum="0" groupnum="42"/>
<data ctrlnum="0" groupnum="43"/>
<data ctrlnum="0" groupnum="44"/>
<data ctrlnum="0" groupnum="45"/>
<data ctrlnum="0" groupnum="46"/>
<data ctrlnum="0" groupnum="47"/>
<data ctrlnum="0" groupnum="48"/>
<data ctrlnum="0" groupnum="49"/>
<data ctrlnum="0" groupnum="50"/>
<data ctrlnum="0" groupnum="51"/>
<data ctrlnum="0" groupnum="52"/>
<data ctrlnum="0" groupnum="53"/>
<data ctrlnum="0" groupnum="54"/>
<data ctrlnum="0" groupnum="55"/>
<data ctrlnum="0" groupnum="56"/>
<data ctrlnum="0" groupnum="57"/>
<data ctrlnum="0" groupnum="58"/>
<data ctrlnum="0" groupnum="59"/>
<data ctrlnum="0" groupnum="60"/>
<data ctrlnum="0" groupnum="61"/>
<data ctrlnum="0" groupnum="62"/>
<data ctrlnum="0" groupnum="63"/>
<data ctrlnum="0" groupnum="64"/>
<data ctrlnum="0" groupnum="65"/>
<data ctrlnum="0" groupnum="66"/>
<data ctrlnum="0" groupnum="67"/>
<data ctrlnum="0" groupnum="68"/>
<data ctrlnum="0" groupnum="69"/>
<data ctrlnum="0" groupnum="70"/>
<data ctrlnum="0" groupnum="71"/>
<data ctrlnum="0" groupnum="72"/>
<data ctrlnum="0" groupnum="73"/>
<data ctrlnum="0" groupnum="74"/>
<data ctrlnum="0" groupnum="75"/>
<data ctrlnum="0" groupnum="76"/>
<data ctrlnum="0" groupnum="77"/>
<data ctrlnum="0" groupnum="78"/>
<data ctrlnum="0" groupnum="79"/>
<data ctrlnum="0" groupnum="80"/>
<data ctrlnum="0" groupnum="81"/>
<data ctrlnum="0" groupnum="82"/>
<data ctrlnum="0" groupnum="83"/>
<data ctrlnum="0" groupnum="84"/>
<data ctrlnum="0" groupnum="85"/>
<data ctrlnum="0" groupnum="86"/>
<data ctrlnum="0" groupnum="87"/>
<data ctrlnum="0" groupnum="88"/>
<data ctrlnum="0" groupnum="89"/>
<data ctrlnum="0" groupnum="90"/>
<data ctrlnum="0" groupnum="91"/>
<data ctrlnum="0" groupnum="92"/>
<data ctrlnum="0" groupnum="93"/>
<data ctrlnum="0" groupnum="94"/>
<data ctrlnum="0" groupnum="95"/>
<data ctrlnum="0" groupnum="96"/>
<data ctrlnum="0" groupnum="97"/>
<data ctrlnum="0" groupnum="98"/>
<data ctrlnum="0" groupnum="99"/>
<data ctrlnum="0" groupnum="100"/>
<data ctrlnum="0" groupnum="101"/>
<data ctrlnum="0" groupnum="102"/>
<data ctrlnum="0" groupnum="103"/>
<data ctrlnum="0" groupnum="104"/>
<data ctrlnum="0" groupnum="105"/>
<data ctrlnum="0" groupnum="106"/>
<data ctrlnum="0" groupnum="107"/>
<data ctrlnum="0" groupnum="108"/>
<data ctrlnum="0" groupnum="109"/>
<data ctrlnum="0" groupnum="110"/>
<data ctrlnum="0" groupnum="111"/>
<data ctrlnum="0" groupnum="112"/>
<data ctrlnum="0" groupnum="113"/>
<data ctrlnum="0" groupnum="114"/>
<data ctrlnum="0" groupnum="115"/>
<data ctrlnum="0" groupnum="116"/>
<data ctrlnum="0" groupnum="117"/>
<data ctrlnum="0" groupnum="118"/>
<data ctrlnum="0" groupnum="119"/>
<data ctrlnum="0" groupnum="120"/>
<data ctrlnum="0" groupnum="121"/>
<data ctrlnum="0" groupnum="122"/>
<data ctrlnum="0" groupnum="123"/>
<data ctrlnum="0" groupnum="124"/>
<data ctrlnum="0" groupnum="125"/>
<data ctrlnum="0" groupnum="126"/>
<data ctrlnum="0" groupnum="127"/>
</gs>
</HMI>
