<?xml version="1.0" encoding="utf-8"?>
<project name="Demo-The running time of the motor" description="" project_version="" system_version="1.2" creator="admin" projectid="4D3CB355-1AFB-4F8C-BEC3-22DF9BF448C3">
	<control>
	</control>
	<hmi>
		<oparea name="OA0" description="SubProject0" detaildesc="" uuidforhmi="8A868572-93C3-46C5-9473-5F654047896C" redundance="0" id="0">
			<!--Server Type Enumeration  0:Local Data Server 1:Operation Station 2: Single 3:Remote IO Server 4: VH Real-Time History Server 5;VH History Server 6: Application Server-->
			<server name="Server_1" type="0" ctrladdr="127.0.0.1" addr="127.0.0.1"/>
			<!--Configuration Engineer-->
				<user>admin</user>
		</oparea>
	</hmi>
	<UserGroups>
	</UserGroups><users>
		<user name="admin" password="1E8E76C05C64C2AC801FF967F3E9FC204F28A2EB8C3C0D7076A4C761E941FEBC" isadmin="true" desc=""/>
	</users>
		<config oncolor="255" offcolor="65280" decimaldigits="3" noalarmconfigpanellightcolor="14474460" noalarmpanellightcolor="32768" FullAddress="" SleepAlarmSet="32" ClassicalStyle="1" redundance="0">
		</config>
		<timesync>
		</timesync>
</project>
